{
  "project_info": {
    "project_number": "40378564979",
    "firebase_url": "https://ne-tourism.firebaseio.com",
    "project_id": "ne-tourism",
    "storage_bucket": "ne-tourism.appspot.com"
  },
  "client": [
    {
      "client_info": {
        "mobilesdk_app_id": "1:40378564979:android:c9fdf269ece619a8",
        "android_client_info": {
          "package_name": "com.spstech.netourism"
        }
      },
      "oauth_client": [
        {
          "client_id": "40378564979-6suf7b2gvvpk77r425p6gi1pnlrm3fqo.apps.googleusercontent.com",
          "client_type": 1,
          "android_info": {
            "package_name": "com.spstech.netourism",
            "certificate_hash": "5e57f7bc104d7da6489ab5e4724aa029a4b94c6b"
          }
        },
        {
          "client_id": "40378564979-ovvp2mdq2m02d22qn5r9dro4ilc7shfb.apps.googleusercontent.com",
          "client_type": 3
        }
      ],
      "api_key": [
        {
          "current_key": "AIzaSyCXDb9Rgy4DHvMhcDK7BkkJYF7G4HWBjAI"
        }
      ],
      "services": {
        "analytics_service": {
          "status": 1
        },
        "appinvite_service": {
          "status": 2,
          "other_platform_oauth_client": [
            {
              "client_id": "40378564979-ovvp2mdq2m02d22qn5r9dro4ilc7shfb.apps.googleusercontent.com",
              "client_type": 3
            }
          ]
        },
        "ads_service": {
          "status": 2
        }
      }
    }
  ],
  "configuration_version": "1"
}