{"DWA9iKOUXPat0r2N/MOmeQ==":"tawang-arunachal-pradesh-900x600.jpg","iQZhlELwJNUCG05a/c7eAA==":"bihu-festival-assam-tourist-spots-900x600.jpg","1zxKMbHLOFoS2EGQFcoG/w==":"shree-govindajee-temple-manipur-900x600.jpg","Hm4X15RIe+fWSBIA6gkGvQ==":"meghalaya-tourism-900x600.jpg","AxeXCoIHwILXPAEAz9MW4A==":"mizoram-900x600.jpg","hFJPbr1nz31v7hggZCQ3YA==":"3728-5-best-destinations-in-nagaland-900x600.jpg","4yUmyHZX94xWCkCD+Tstow==":"sikkim-head-900x600.jpg","TKXFVgY1miSLZ5kUluDbtw==":"ujjayanta-palace-tripura-tourism-places-900x600.jpg","M/ZJcR67KgHFp/xWVyap8w==":"tawang-arunachal-pradesh-492x328.jpg","B2aX/eZ5/lvfT23VBRXyJw==":"kaziranga-national-park-compressed-492x328.jpg","MeRA21tnIbsVtx2mnahV1Q==":"1-492x302.jpg","tpsExWuWHBdEGkCvG67G4Q==":"cherrapunji-492x328.jpg","U229mt1Uxm8YJDkMUD/Rpw==":"1-492x328.jpg","8hK0kIfZEAFhlcUixnRKgg==":"mizo-492x328.jpg","IjYJc7Mfn92TQ+2vOffSrw==":"india_hornbill_festival__systems@deccanmail.com-3-492x328.jpg","vzHHCjq4prrpmqlMq0OXbw==":"sikkim-492x328.jpg","jKAcvspXdFcSTrB0+CTjoA==":"tripura-492x328.jpg","w+O8+m/EoSA7FqmPxxRsAw==":"1-900x600.jpg","CmKTmVEkUyObZqd0bjc9LQ==":"3-900x600.jpg","UCEesNlsBTUCgb5WCwm+4g==":"1487325886_tawang_gate.jpg-900x600.jpg","rt5lDk+MXE93zEMnbxzZuw==":"apmap-736x429.jpg","l5s2xkUUWZebIspLpw/Syw==":"np-436x268.jpg","W+gNPba5nW1L+IDrkK3nDw==":"tw-436x268.jpg","H4pxcwg0S+JIQF+x+5IdPg==":"mk-616x378.jpg","bO6hu6lFPzkTnMjWN85WcA==":"1%20(1)-900x600.jpg","0kNicrfvEO7Qz9Csmwl4DQ==":"4-900x600.jpg","slpNNmcadF+WtTkKgV1jrg==":"5-900x600.jpg","ngnmovIYGTAUtH8bMn7MRg==":"assamdistricts-781x546.png","MEQ5Ol1aSOrR85sqR8FTyw==":"kz-616x378.jpg","W6h64i+/CP82KefQSkanzw==":"mj-436x268.jpg","d5k2y5GAhwiDlgPWTj1XPw==":"km-436x268.jpg","D50jbdpCkHZ8p+6WcxQ55A==":"1-1-900x600.jpg","WVndBt8tocTgjArTeDDInQ==":"3-700x430.jpg","EMn+/z2JBTcRRz6xvzIVbA==":"loktak-lake-manipur-900x600.jpg","WbAf5b9+761kDRTErR5PxQ==":"manipur_map-343x357.jpg","V+qHeB6X5j9IcdDr26UqZA==":"ip-616x411.jpg","/DWwUL9GmqP88DG9e9Ouow==":"loktak-lake-manipur-436x291.jpg","Cvl3F2SEkJUaj9xQl2W9UQ==":"mf-616x411.jpg","OxGMG0eUBCUiTFeoCTK4ow==":"5-700x430.jpg","7qeIi5u5fG65l6vOScUczw==":"6-700x430.jpg","I6ajLX2Zx96L9WZT5xx/RA==":"cherrapunji-900x600.jpg","VgCjfmMVkhGsOrWEvWnYMw==":"meghalaya_dist_boundary_(phy)-952x674.jpg","I+11eyMv7bvt8Py9aK9JkQ==":"cherrapunji-616x411.jpg","i9j3SBuElM7RRJcTZwNkbg==":"sl-616x411.jpg","TcqCySIc8dhevckjzfEo4w==":"mw-616x411.jpg","UWXwcMzKeveKdo/X8D5IcA==":"6-1-700x430.jpg","e6ZFCZMnJXKHrzLMqnBr/g==":"3-1-700x430.jpg","5dT3K1aDcX6+Wf+EliEQCA==":"mizo-900x600.jpg","N51pPr9m1dce0lJK5nnbiQ==":"mizo-550x704.jpg","58+H/l1yKkrglO66Lw8sdg==":"af-616x378.jpg","RV+EB4bEDIDQUy5ylqrMUw==":"ck-616x378.jpg","xtTbVS5MZfIonsWmnvb9yw==":"wt-616x378.jpg","xi/RwIPLJ+97ZZX/NNR66A==":"india_hornbill_festival__systems@deccanmail.com-3-900x600.jpg","xBibx7rIwHC0kDM5Dgzbuw==":"2-1280x960.jpg","4FVB3Eaq8WKi7NvxOqQxPw==":"2-900x600.jpg","INj4H0QwlOY6kHmWimGpiw==":"6%20(1)-900x600.jpg","GifVttGnoQqo+GfztMFwQg==":"naga-600x496.jpg","V6olADHWygpmsTBbEhHRpw==":"hf-616x378.jpg","7w1jThTqi9H8Mi8wR7wnhg==":"km-616x378.jpg","EFJt9r+3ueog+tT2J9HzWQ==":"kh-616x378.jpg","H7UxZnfTaiKHy2nLNhXgFQ==":"2-700x430.jpg","SiorJjPmYcfEEYF037iI1w==":"2-1-900x600.jpg","H9ALO4+53U62PUrQeRIN/A==":"6-900x600.jpg","WhrCaPha/ESeXUTaHDKsBA==":"sikkim-900x600.jpg","KZrP51rT8WFIrl0gR5kCFA==":"6-1-900x600.jpg","krZCCGKT7tfHKijdtYH/Fw==":"3-1-900x600.jpg","AWc6ZromUoJtWGMZN0Dtfg==":"sikkim-map-600x628.jpg","6FjDxrAHavQ0uopgi81G/A==":"gt-616x378.jpg","V1N1+cCHlxloYcKeRo+R8g==":"pl-616x378.jpg","P5xL6R8dS/Tt9J1FO7tK3A==":"dz-616x378.jpg","zaBQK5zDcBHu0jXXBJQhvw==":"4-1-900x600.jpg","cRaOCYCgrMlBn8XkhiG6Vg==":"6%20(1)-900x600.jpg","W7Ywlu57zfcLkbMPg91svg==":"tripura-900x600.jpg","YPariTCqXPC8m/drhQAR+g==":"tri_map-706x1050.jpg","THnY0foFIImzx4mnSIif8Q==":"rt-616x378.jpg","XZnsioU3rJ6Y/054M61ILA==":"at-616x378.jpg","vx2cSt2414rb5JmPVohnjQ==":"gunabati%20group%20of%20temples-616x411.jpg","0HGQ2fqvD1wfekA4IYYOBw==":"final_test-122x122.png","iFkA1257YNxrAxzzGCbC9A==":"final_test-192x192.png"}